count,mean,std,min,10%,25%,50%,75%,90%,max
806.0,63.12531017369727,249.6514597565961,-357.0,-202.0,-1.0,3.5,64.0,318.0,1691.0
